16.01.2026;;;;;
Артикул;Наименование позиции;Вложение в коробку;Цена без НДС;Цена с НДС;
001;Обувь домашняя мужская  ;24;70 ₽;85 ₽;
001-А;Обувь летняя мужская пляжная, липучка, р.41-45;12;110 ₽;134 ₽;
002;Обувь домашняя женская;24;65 ₽;79 ₽;
003-А;Обувь летняя мужская  пляжная,р.41-45;12;110 ₽;134 ₽;
007;Обувь мужская, Туфли купальные;12;95 ₽;116 ₽;
008АЗ;Обувь домашняя мужская закрытый нос;40;120 ₽;146 ₽;
008АЗ/1;Обувь домашняя мужская закрытый нос, с кож. Вставкой;40;140 ₽;171 ₽;
008АЗ(ЛМ);Обувь домашняя мужская закрытый нос;60;190 ₽;232 ₽;
008АО;Обувь домашняя мужская открытый нос;40;120 ₽;146 ₽;
008АО (Л);Обувь домашняя мужская, р. 41-45;60;155 ₽;189 ₽;
008АО (ТЭП/лип);Обувь домашняя мужская, р. 41-46;60;240 ₽;293 ₽;
008З;Обувь домашняя мужская закрытый нос;24;105 ₽;128 ₽;
008О;Обувь домашняя мужская открытый нос;24;105 ₽;128 ₽;
009АБО;Обувь домашняя женская (Бантик), открытый нос ;60;165 ₽;201 ₽;
009АЗ;Обувь домашняя женская, закрытый нос ;60;110 ₽;134 ₽;
009АЗ (Л);Обувь домашняя женская, закрытый нос ;60;155 ₽;189 ₽;
009АО;Обувь домашняя женская, открытый нос ;60;110 ₽;134 ₽;
009АО (ТЭП);Обувь домашняя женская, открытый нос ;60;215 ₽;262 ₽;
009АП;Обувь домашняя женская (Пушок), открытый нос ;60;190 ₽;232 ₽;
009З;Обувь домашняя женская, закрытый нос ;24;100 ₽;122 ₽;
009О;Обувь домашняя женская, открытый нос ;24;100 ₽;122 ₽;
018;Обувь детская, Туфли купальные;12;70 ₽;77 ₽;
019;Обувь детская, Туфли купальные;12;80 ₽;88 ₽;
020;Обувь женская, Туфли купальные;12;90 ₽;110 ₽;
021;Обувь женская, Туфли купальные;24;70 ₽;85 ₽;
021/1;Обувь женская, Туфли купальные;24;70 ₽;85 ₽;
022;Галоши мужские (сабо с ворсом);12;170 ₽;207 ₽;
022/1;Галоши мужские (сабо) без утеплителя;12;130 ₽;159 ₽;
023;Галоши женские (сабо с ворсом);12;160 ₽;195 ₽;
023/1;Галоши женские (сабо) без утеплителя;12;120 ₽;146 ₽;
024;Обувь детская, Туфли купальные;12;70 ₽;77 ₽;
026;Сапоги детские без утеплителя;12;150 ₽;165 ₽;
027;Сапоги детские с утеплителем;12;220 ₽;242 ₽;
038Н;Сапоги мужские силиконовые утепленные                ;6;390 ₽;476 ₽;
038НМ;Сапоги мужские силиконовые утепленные с манжетом                 ;6;480 ₽;586 ₽;
039н;Сапоги мужские силиконовые утепленные                ;6;370 ₽;451 ₽;
042н;Сапоги мужские силиконовые утепленные                ;6;310 ₽;378 ₽;
042нм;Сапоги мужские силиконовые утепленные с манжетом                 ;6;340 ₽;415 ₽;
043/1;"Галоши садовые 
мужские силиконовые";12;215 ₽;262 ₽;
046/1;Сапоги мужские ПВХ        ;6;260 ₽;317 ₽;
046н;Сапоги мужские ПВХ (утепленные)                  ;6;280 ₽;342 ₽;
046НМ;Сапоги мужские ПВХ утепленные с манжетом             ;6;330 ₽;403 ₽;
048;Сапоги детские с утеплителем;12;140 ₽;154 ₽;
048/1;Сапоги детские без утеплителя;12;100 ₽;110 ₽;
050;Обувь мужская, Туфли купальные;12;80 ₽;98 ₽;
051;Обувь мужская, Туфли купальные;12;65 ₽;79 ₽;
053;Обувь женская, Туфли купальные;12;65 ₽;79 ₽;
061Н;Сапоги женские силиконовые утепленные                  ;12;310 ₽;378 ₽;
061НМ;Сапоги женские силиконовые утепленные с манжетом                ;12;350 ₽;427 ₽;
064Н;Сапоги женские ПВХ  (утепленные)             ;6;240 ₽;293 ₽;
064НМ;Сапоги женские утепленныем с манжетом            ;6;300 ₽;366 ₽;
065н;Сапоги женские ПВХ  (утепленные)             ;6;260 ₽;317 ₽;
065нм;Сапоги женские утепленныем с манжетом            ;6;280 ₽;342 ₽;
066;Сапоги женские, молния, оксфорд;12;300 ₽;366 ₽;
067Ж;Галоши женские (не утепленные);8;100 ₽;122 ₽;
067Ж Люкс;Галоши женские Люкс (не утепленные);8;135 ₽;165 ₽;
067м;"Галоши садовые 
мужские  ";8;100 ₽;122 ₽;
067м Люкс;Галоши садовые Люкс мужские  ;8;135 ₽;165 ₽;
069/1;Галоши женскиесиликоновые ;12;205 ₽;250 ₽;
071;Обувь мужская, Туфли купальные;12;95 ₽;116 ₽;
072;Обувь мужская, Туфли купальные;12;95 ₽;116 ₽;
073;Обувь мужская, Туфли купальные;12;95 ₽;116 ₽;
074;Обувь мужская, Туфли купальные;12;95 ₽;116 ₽;
075;Обувь женская, Туфли купальные;12;90 ₽;110 ₽;
076;Обувь мужская, Туфли купальные;12;95 ₽;116 ₽;
077;Обувь мужская, Туфли купальные;12;95 ₽;116 ₽;
080н;Сапоги детские ПВХ (утепленные), р-р 24-29             ;12;210 ₽;231 ₽;
080нм;Сапоги детские ПВХ с манжетом (утепленные), р-р 24-29             ;12;230 ₽;253 ₽;
081н;Самоги детские, силиковновые р-р 24-29;12;280 ₽;308 ₽;
082н;Самоги детские, силиковновые р-р 30-35;12;280 ₽;308 ₽;
082нм;Самоги детские, силиковновые с манжетом р-р 30-35;12;330 ₽;363 ₽;
085н;Сапоги ПВХ подростковые (утепленные)             ;6;260 ₽;317 ₽;
085нм;Сапоги ПВХ подростковые с манжетом (утепленные)             ;6;280 ₽;342 ₽;
086н;Сапоги детские ПВХ (утепленные), р-р 30-35;12;230 ₽;253 ₽;
094;Ботинки женские, замок, оксфорд;12;190 ₽;232 ₽;
099;Сапоги детские, липучка, сукно;12;260 ₽;286 ₽;
100;Сапоги детские, замок, оксфорд;12;210 ₽;231 ₽;
1001;Обувь женская, Туфли купальные;24;70 ₽;85 ₽;
1002;Обувь детская, Туфли купальные;12;70 ₽;84 ₽;
1003;Обувь детская, Туфли купальные;24;70 ₽;77 ₽;
1004;Обувь детская, Туфли купальные;12;80 ₽;88 ₽;
1005;Обувь детская, Туфли купальные мальчик;12;100 ₽;120 ₽;
1006;Обувь детская, Туфли купальные девочка;12;100 ₽;120 ₽;
101;Сапоги детские, замок+опушка, оксфорд;12;210 ₽;231 ₽;
1010;Обувь мужская, Туфли купальные;8;120 ₽;146 ₽;
102;Сапоги детские, кулиса, оксфорд;12;210 ₽;231 ₽;
1020;Обувь женская, Туфли купальные;24;115 ₽;140 ₽;
1021;Обувь женская, Туфли купальные;24;115 ₽;140 ₽;
1022;Обувь женская, Туфли купальные;24;115 ₽;140 ₽;
1023;Обувь женская, Туфли купальные;24;115 ₽;140 ₽;
1024;Обувь мужская, Туфли купальные;8;115 ₽;140 ₽;
1025;Обувь мужская, Туфли купальные;8;115 ₽;140 ₽;
1026;Обувь мужская, Туфли купальные;8;115 ₽;140 ₽;
1027;Обувь женская, Туфли купальные;8;170 ₽;207 ₽;
1028;Обувь женская, Туфли купальные;8;170 ₽;207 ₽;
1029;Обувь женская, Туфли купальные;8;170 ₽;207 ₽;
1030;Обувь мужская, Туфли купальные;8;170 ₽;207 ₽;
103;Сапоги детские, липучка, оксфорд;12;210 ₽;231 ₽;
1031;Обувь мужская, Туфли купальные;12;100 ₽;122 ₽;
1032;Обувь мужская, Туфли купальные;12;100 ₽;122 ₽;
1033;Обувь женская, Туфли купальные (Кроксы);12;152 ₽;185 ₽;
1034;Обувь женская, Туфли купальные;12;90 ₽;110 ₽;
1035;Обувь детская, Туфли купальные;12;70 ₽;84 ₽;
1036;Обувь женская, Туфли купальные;12;170 ₽;207 ₽;
1037;Обувь женская, Туфли купальные;8;170 ₽;207 ₽;
1038;Обувь мужская, Туфли купальные;8;185 ₽;226 ₽;
1043;Обувь подростковая, Туфли купальные (Кроксы);12;150 ₽;183 ₽;
1047;Обувь мужская, Туфли купальные;8;185 ₽;226 ₽;
112/1;Сапоги мужские  не утеплённые                    ;8;500 ₽;610 ₽;
112м;Сапоги мужские утеплённые (мех)                 ;8;600 ₽;732 ₽;
112н;Сапоги мужские утеплённые (войлок)                  ;8;550 ₽;671 ₽;
113/1;Сапоги мужские с манжетом (не утепленные)                     ;8;550 ₽;671 ₽;
113м;Сапоги мужские с манжетом   утеплённые (мех)                 ;8;640 ₽;781 ₽;
113н;Сапоги мужские  с манжетом  утеплённые                  ;8;590 ₽;720 ₽;
114;"Тапочки женские ""Жади""";72;160 ₽;195 ₽;
114д;"Тапочки детские ""Жади""";72;70 ₽;77 ₽;
116;"Галоши садовые
мужские
с надставкой утепленные";12;300 ₽;366 ₽;
116М;Галоши мужские с надставкой,  мех;12;300 ₽;366 ₽;
116МН;Галоши мужские с надставкой,  флис;12;280 ₽;342 ₽;
117;Галоши садовые женские с надставкой утепленные;12;250 ₽;305 ₽;
117М ;Галоши женские с надставкой, кулиса, мех;12;215 ₽;262 ₽;
117МН;Галоши женские с надставкой, кулиса, флис;12;195 ₽;238 ₽;
126;Галоши садовые детские без утеплителя;12;85 ₽;94 ₽;
127;Галоши садовые детские с утеплителем;12;120 ₽;132 ₽;
128;Галоши садовые детские с надставкой;12;160 ₽;176 ₽;
129;Галоши детские (сабо) Мальчик с утеплителем;12;140 ₽;154 ₽;
129/1;Галоши детские (сабо) Мальчик ;12;100 ₽;110 ₽;
130;Галоши детские (сабо) Девочка с утеплителем;12;100 ₽;110 ₽;
130/1;Галоши детские (сабо) Девочка ;12;80 ₽;88 ₽;
137;Обувь мужская, Туфли купальные;12;95 ₽;116 ₽;
139;Обувь женская, Туфли купальные;12;90 ₽;110 ₽;
140;Обувь детская, Туфли купальные;12;60 ₽;66 ₽;
141;Обувь мужская, Туфли купальные;12;120 ₽;146 ₽;
142;Обувь женская, Туфли купальные;12;90 ₽;110 ₽;
144;Обувь детская, Туфли купальные;12;80 ₽;88 ₽;
145;Обувь женская, Туфли купальные;12;90 ₽;110 ₽;
149;Обувь мужская, Туфли купальные;12;170 ₽;207 ₽;
149У;Обувь мужская, Туфли купальные;8;270 ₽;329 ₽;
149К;Обувь мужская, Туфли купальные;8;320 ₽;390 ₽;
153;Обувь женская, Туфли купальные;12;90 ₽;110 ₽;
155;Обувь женская, Туфли купальные;12;90 ₽;110 ₽;
156;Обувь женская, Туфли купальные;12;90 ₽;110 ₽;
157;Обувь женская, Туфли купальные;12;95 ₽;116 ₽;
158;Обувь женская, Туфли купальные;12;95 ₽;116 ₽;
159;Обувь женская, Туфли купальные (кроксы);12;150 ₽;183 ₽;
159У;Обувь женская, Туфли купальные (кроксы);8;240 ₽;293 ₽;
159К;Обувь женская, Туфли купальные (кроксы);12;320 ₽;390 ₽;
160;Обувь детская, Туфли купальные (Кроксы);12;120 ₽;132 ₽;
161;Обувь женская, Туфли купальные;12;200 ₽;244 ₽;
163;Обувь детская, Туфли купальные;12;60 ₽;66 ₽;
164;Обувь детская, Туфли купальные;12;60 ₽;66 ₽;
165;Обувь детская, Туфли купальные;12;60 ₽;66 ₽;
169;Обувь детская, Туфли купальные;12;60 ₽;66 ₽;
170;"Галоши мужские
(сабо с надставкой)";12;165 ₽;201 ₽;
171;Галоши женские (сабо с надставкой);12;150 ₽;183 ₽;
176;Обувь женская, Туфли купальные;12;160 ₽;195 ₽;
177;Обувь мужская, Туфли купальные;12;150 ₽;183 ₽;
178;Обувь мужская, Туфли купальные;12;150 ₽;183 ₽;
179;Обувь мужская, Туфли купальные;12;150 ₽;183 ₽;
180;Обувь женская, Туфли купальные;12;90 ₽;110 ₽;
183/1;Сапоги  женские (не утепленные)                  ;8;400 ₽;488 ₽;
183м;Сапоги  женские (утепленные с мехом)                  ;8;650 ₽;793 ₽;
183н;Сапоги  женские (утепленные)                  ;8;480 ₽;586 ₽;
184/1;Сапоги мужские не утеплённые                  ;8;480 ₽;586 ₽;
184М;Сапоги мужские утеплённые (мех)                  ;8;700 ₽;854 ₽;
184Н;Сапоги мужские утеплённые (нетканка)                  ;8;600 ₽;732 ₽;
187м;Сапоги мужские утеплённые  с манжетом (мех)               ;8;750 ₽;915 ₽;
187н;Сапоги мужские утеплённые  с манжетом                ;8;650 ₽;793 ₽;
188;Сапоги мужские, 2-е липучки, оксфорд, ТЭП;6;770 ₽;939 ₽;
189;Сапоги женские, 2-е молнии, оксфорд;12;450 ₽;549 ₽;
190;Сапоги мужские, шнурок, оксфорд, ТЭП;6;770 ₽;939 ₽;
191м;Сапоги  женские утепленные с манжетом (мех)                ;8;750 ₽;915 ₽;
191н;Сапоги  женские (утепленные) с манжетом                 ;8;650 ₽;793 ₽;
192;Сапоги мужские, липучка, оксфорд, ТЭП;6;770 ₽;939 ₽;
193;Ботинки мужские, молния, оксфорд, ТЭП;6;510 ₽;622 ₽;
194;Сапоги мужские, оксфорд, ТЭП;6;900 ₽;1 098 ₽;
195;Сапоги мужские, липучка, сукно;12;410 ₽;500 ₽;
197;Сапоги мужские, 2-е липучки, сукно, ТЭП;6;625 ₽;763 ₽;
198;Сапоги мужские, шнурок, шнурок, ТЭП;6;625 ₽;763 ₽;
200;Сапоги женские, липучка, сукно;12;310 ₽;378 ₽;
2001;Обувь мужская, Кроссовки;8;230 ₽;281 ₽;
2002;Обувь мужская, Кроссовки;8;230 ₽;281 ₽;
2003;Обувь мужская, Кроссовки;8;230 ₽;281 ₽;
2004;Обувь мужская, Кроссовки;8;200 ₽;244 ₽;
2005;Обувь мужская, Кроссовки;8;230 ₽;281 ₽;
2006;Обувь мужская, Кроссовки;8;230 ₽;281 ₽;
2007;Обувь мужская, Кроссовки;8;230 ₽;281 ₽;
2008;Обувь мужская, Кроссовки;8;230 ₽;281 ₽;
2009;Обувь мужская, Кроссовки;8;230 ₽;281 ₽;
2010;Обувь мужская, Кроссовки;8;230 ₽;281 ₽;
2011;Обувь женская, Кроссовки;8;230 ₽;281 ₽;
2012;Обувь женская, Кроссовки;8;230 ₽;281 ₽;
2013;Обувь женская, Кроссовки;8;230 ₽;281 ₽;
2014;Обувь женская, Кроссовки;8;230 ₽;281 ₽;
2015;Обувь женская, Кроссовки;8;230 ₽;281 ₽;
2016;Обувь женская, Кроссовки;8;230 ₽;281 ₽;
2017;Обувь женская, Кроссовки;8;230 ₽;281 ₽;
2018;Обувь женская, Кроссовки;8;230 ₽;281 ₽;
2019;Обувь женская, Кроссовки;8;230 ₽;281 ₽;
202;Сапоги женские, молния, сукно;12;310 ₽;378 ₽;
2020;Обувь женская, Кроссовки;8;230 ₽;281 ₽;
2021;Обувь женская, Кроссовки;8;230 ₽;281 ₽;
2022;Обувь женская, Кроссовки;8;230 ₽;281 ₽;
2023;Обувь женская, Кроссовки;8;230 ₽;281 ₽;
2024;Обувь женская, Кроссовки;8;230 ₽;281 ₽;
2025;Обувь женская, Кроссовки;8;230 ₽;281 ₽;
205;Сапоги мужские, аляска, с фастексами;6;850 ₽;1 037 ₽;
206;Сапоги мужские, липучка, сукно, ТЭП;12;770 ₽;939 ₽;
208;Ботинки мужские, молния, сукно, ТЭП;6;510 ₽;622 ₽;
209;Сапоги мужские, шнурок, сукно;12;680 ₽;830 ₽;
210;Сапоги мужские, 2-е липучки, сукно;12;640 ₽;781 ₽;
211;Сапоги мужские, липучка, оксфорд, ТЭП;6;600 ₽;732 ₽;
212;Сапоги мужские, 2-е липучки, оксфорд, нубук (ТЭП);6;840 ₽;1 025 ₽;
213;Сапоги мужские, 2-е молнии, оксфорд;6;510 ₽;622 ₽;
220/1;Сапоги мужские не утеплённые ;8;300 ₽;366 ₽;
220м;Сапоги мужские утеплённые, мех;8;420 ₽;512 ₽;
220н;Сапоги мужские утеплённые нетканное полотно;8;360 ₽;439 ₽;
221/1;Сапоги женские не утеплённые ;8;265 ₽;323 ₽;
221н;Сапоги женские утеплённые, мех;8;300 ₽;366 ₽;
221м;Сапоги женские утеплённые нетканное полотно;8;340 ₽;415 ₽;
222;Обувь мужская, Туфли купальные;12;120 ₽;146 ₽;
223;Обувь мужская, Туфли купальные;12;120 ₽;146 ₽;
224;Обувь мужская, Туфли купальные;12;130 ₽;159 ₽;
285;Сапоги детские, замок+опушка, сукно;12;320 ₽;352 ₽;
286;Сапоги детские, кулиса, сукно;12;320 ₽;352 ₽;
287;Сапоги детские, замок, сукно;12;320 ₽;352 ₽;
288;Дутики женские;8;200 ₽;244 ₽;
3022/1;обувь мужская,сабо без утеплителя;12;190 ₽;232 ₽;
3022м;обувь мужская, сабо с утеплителем;12;240 ₽;293 ₽;
3023/1;обувь женская, сабо без утеплителя;12;160 ₽;195 ₽;
3023м;обувь женская, сабо с утеплителем;12;230 ₽;281 ₽;
311м;обувь женская, полуботинки утепленные;12;300 ₽;366 ₽;
4022;обувь мужская,сабо без утеплителя;8;200 ₽;244 ₽;
5023;Обувь женская, Сабо без утеплителя (ремешок);12;270 ₽;330 ₽;
5023м;Обувь женская, Сабо утепленные (ремешок);12;480 ₽;586 ₽;
412м;Обувь мужская, сапоги утепленные;4;600 ₽;732 ₽;
412н;Обувь мужская, сапоги утепленные;4;500 ₽;610 ₽;
413м;Обувь мужская, Сапоги утепленные, с манжетом;4;630 ₽;769 ₽;
413н;Обувь мужская, сапоги утепленные;4;530 ₽;647 ₽;
464;Обувь женская, Туфли купальные;36;95 ₽;116 ₽;
465;Обувь мужская, Туфли купальные;36;95 ₽;116 ₽;
550;Обувь домашняя мужская, в индивидуальной упаковке;12;130 ₽;159 ₽;
551;Обувь домашняя женская, в индивидуальной упаковке ;12;130 ₽;159 ₽;
600;Обувь мужская, Туфли купальные;12;70 ₽;85 ₽;
601;Обувь мужская, Туфли купальные;12;70 ₽;85 ₽;
602;Обувь мужская, Туфли купальные;12;70 ₽;85 ₽;
603;Обувь мужская, Туфли купальные;12;70 ₽;85 ₽;
604;Обувь женская, Туфли купальные;12;70 ₽;85 ₽;
605;Обувь женская, Туфли купальные;12;70 ₽;85 ₽;
607;Обувь мужская, Туфли купальные;10;70 ₽;85 ₽;
608;Обувь женская, Туфли купальные;10;70 ₽;85 ₽;
610;Обувь женская, Туфли купальные;12;70 ₽;85 ₽;
611;Обувь женская, Туфли купальные;12;70 ₽;85 ₽;
612;Обувь женская, Туфли купальные;12;70 ₽;85 ₽;
613;Обувь женская, Туфли купальные;12;70 ₽;85 ₽;
614;Обувь женская, Туфли купальные;12;70 ₽;85 ₽;
615;Обувь детская, Туфли купальные;12;70 ₽;85 ₽;
616;Обувь детская, Туфли купальные;12;70 ₽;85 ₽;
617;Обувь детская, Туфли купальные;12;70 ₽;85 ₽;
618;Обувь детская, Туфли купальные;12;70 ₽;85 ₽;
619;Обувь женская, Туфли купальные;12;70 ₽;85 ₽;
620;Обувь женская, Туфли купальные;12;70 ₽;85 ₽;
621;Обувь женская, Туфли купальные;12;70 ₽;85 ₽;
622;Обувь женская, Туфли купальные;12;70 ₽;85 ₽;
623;Обувь женская, Туфли купальные;12;70 ₽;85 ₽;
650;Обувь женская, Туфли купальные;12;90 ₽;110 ₽;
651;Обувь женская, Туфли купальные;12;90 ₽;110 ₽;
651Б;Обувь женская, Туфли купальные;12;95 ₽;116 ₽;
652;Обувь женская, Туфли купальные;12;90 ₽;110 ₽;
653;Обувь женская, Туфли купальные;12;90 ₽;110 ₽;
655;Обувь детская, Туфли купальные;12;90 ₽;110 ₽;
657;Обувь мужская, Туфли купальные;12;100 ₽;122 ₽;
659;Обувь мужская, Туфли купальные;12;70 ₽;85 ₽;
660;Обувь мужская, Туфли купальные;12;70 ₽;85 ₽;
662;Обувь детская, Туфли купальные;12;70 ₽;85 ₽;
663;Обувь детская, Туфли купальные;12;80 ₽;98 ₽;
664;Обувь детская, Туфли купальные;12;70 ₽;85 ₽;
702;Обувь мужская, Туфли купальные (Кроксы);12;220 ₽;268 ₽;
703;Обувь мужская, Туфли купальные (Кроксы);8;220 ₽;268 ₽;
704;Обувь мужская, Туфли купальные (Кроксы);8;220 ₽;268 ₽;
705;Обувь мужская, Туфли купальные (Кроксы);8;260 ₽;317 ₽;
751;Обувь женская, Туфли купальные (Кроксы);12;200 ₽;244 ₽;
752;Обувь женская, Туфли купальные (Кроксы);8;200 ₽;244 ₽;
753;Обувь женская, Туфли купальные (Кроксы);8;250 ₽;305 ₽;
770;Обувь детская, Туфли купальные (Кроксы);12;200 ₽;244 ₽;
771;Обувь детская, Туфли купальные (Кроксы);12;200 ₽;244 ₽;
772;Обувь детская, Туфли купальные (Кроксы);12;200 ₽;244 ₽;
849;Обувь мужская, Туфли купальные (кроксы);12;200 ₽;244 ₽;
859;Обувь женская, Туфли купальные (кроксы);12;200 ₽;244 ₽;
8888L;Обувь женская, Туфли купальные (Китай);36;490 ₽;598 ₽;
8888M;Обувь мужская, Туфли купальные (Китай);36;500 ₽;610 ₽;
901;Галоши садовые женские утепленные ;12;180 ₽;220 ₽;
901/1;Галоши садовые женские голые ;12;130 ₽;159 ₽;
901М;Галоши садовые женские утепленные (мех) ;12;230 ₽;281 ₽;
90-1;Обувь женская, огурцы;48;210 ₽;256 ₽;
90-11;Обувь женская (блеск);48;210 ₽;256 ₽;
902;Галоши садовые женские утепленные ;12;180 ₽;220 ₽;
902/1;Галоши садовые женские голые ;12;130 ₽;159 ₽;
90-2;Обувь женская, горошек;48;210 ₽;256 ₽;
903;Галоши садовые женские утепленные ;12;180 ₽;220 ₽;
903/1;Галоши садовые женские голые ;12;130 ₽;159 ₽;
903МО;Галоши садовые женские утепленные (мех) (опушка);12;220 ₽;268 ₽;
903М;Галоши садовые женские утепленные (мех) ;12;220 ₽;268 ₽;
90-3;Обувь женская, корона;48;210 ₽;256 ₽;
904;Галоши садовые детские утепленные ;12;130 ₽;159 ₽;
904/1;Галоши садовые детские голые;12;90 ₽;110 ₽;
90-4;Обувь женская, бабочка;48;210 ₽;256 ₽;
905;Галоши садовые мужские утепленные;12;210 ₽;256 ₽;
905/1;Галоши садовые мужские голые ;12;140 ₽;171 ₽;
905М;Галоши садовые мужские утепленные (мех);12;205 ₽;250 ₽;
90-5;Обувь женская, бантик;48;210 ₽;256 ₽;
906;Галоши садовые женские утепленные ;12;180 ₽;220 ₽;
906/1;Галоши садовые женские голые ;12;130 ₽;159 ₽;
906М;Галоши садовые женские утепленные (мех) ;12;220 ₽;268 ₽;
90-6;Обувь женская, лист;48;210 ₽;256 ₽;
907;Галоши садовые мужские утепленные ;12;190 ₽;232 ₽;
907/1;Галоши садовые мужские голые ;12;140 ₽;171 ₽;
907М;Галоши садовые мужские утепленные ;12;240 ₽;293 ₽;
90-7;Обувь женская, огурцы (открытые);48;210 ₽;256 ₽;
907-11А;Обувь мужская, Туфли купальные;36;80 ₽;98 ₽;
907-21;Обувь женская, Туфли купальные;36;80 ₽;98 ₽;
907-22;Обувь женская, Туфли купальные;36;80 ₽;98 ₽;
907-27;Обувь женская, Туфли купальные;36;80 ₽;98 ₽;
907-29;Обувь женская, Туфли купальные;36;80 ₽;98 ₽;
907-30;Обувь женская, Туфли купальные;36;80 ₽;98 ₽;
907-31;Обувь женская, Туфли купальные;36;80 ₽;98 ₽;
907-32;Обувь женская, Туфли купальные;36;80 ₽;98 ₽;
907-33;Обувь женская, Туфли купальные;36;80 ₽;98 ₽;
907-35;Обувь мужская, Туфли купальные;36;80 ₽;98 ₽;
907-36;Обувь мужская, Туфли купальные;36;80 ₽;98 ₽;
907-37;Обувь мужская, Туфли купальные;36;80 ₽;98 ₽;
907-38;Обувь мужская, Туфли купальные;36;80 ₽;98 ₽;
907-39;Обувь мужская, Туфли купальные;36;80 ₽;98 ₽;
907-3А;Обувь женская, Туфли купальные;36;80 ₽;98 ₽;
907-40;Обувь мужская, Туфли купальные;36;80 ₽;98 ₽;
907-41;Обувь мужская, Туфли купальные;36;80 ₽;98 ₽;
907-42;Обувь мужская, Туфли купальные;36;80 ₽;98 ₽;
907-4А;Обувь женская, Туфли купальные;36;80 ₽;98 ₽;
907-8А;Обувь мужская, Туфли купальные;36;80 ₽;98 ₽;
908;Галоши садовые женские утепленные ;12;180 ₽;220 ₽;
90-8;Обувь женская, сердце;48;210 ₽;256 ₽;
90-13;Обувь женская;48;210 ₽;256 ₽;
90-14;Обувь женская;48;210 ₽;256 ₽;
90-15;Обувь женская;48;210 ₽;256 ₽;
908м;Галоши садовые женские утепленные (мех) ;12;190 ₽;232 ₽;
909/1;Галоши садовые мужские голые ;12;130 ₽;159 ₽;
909;Галоши садовые мужские утепленные;12;190 ₽;232 ₽;
90-9;Обувь женская, роза;48;210 ₽;256 ₽;
909м;Галоши садовые мужские утепленные (мех);12;240 ₽;293 ₽;
910;Сапоги мужские, липучка, оксфорд;12;380 ₽;464 ₽;
911;Ботинки мужские, молния, оксфорд;12;300 ₽;366 ₽;
91-1;Обувь женская, огурцы резинка;48;220 ₽;268 ₽;
91-2;Обувь женская, огурцы зигзаг;48;220 ₽;268 ₽;
913;Сапоги мужские, шнурок, оксфорд;12;600 ₽;732 ₽;
91-3;Обувь женская;48;220 ₽;268 ₽;
914;Сапоги мужские, оксфорд;12;510 ₽;622 ₽;
91-4;Обувь женская;48;220 ₽;268 ₽;
915;Сапоги мужские, 2-е липучки, оксфорд;12;510 ₽;622 ₽;
91-5;Обувь женская;48;220 ₽;268 ₽;
91-6;Обувь женская;48;220 ₽;268 ₽;
91-7;Обувь женская;48;220 ₽;268 ₽;
918;Сапоги мужские, шнурок+карман, оксфорд;12;700 ₽;854 ₽;
919;Сапоги мужские, шнурок, оксфорд;6;700 ₽;854 ₽;
920;Сапоги женские, шнурок, серебро;12;500 ₽;610 ₽;
921;Сапоги мужские, замок, оксфорд;12;500 ₽;610 ₽;
922;Сабо мужские, утепленные;12;210 ₽;256 ₽;
922м;Сабо мужские, утепленные (мех);12;250 ₽;305 ₽;
923;Сабо женские, утепленные;12;185 ₽;226 ₽;
923м;Сабо женские, утепленные (мех);12;260 ₽;317 ₽;
925;Галоши женские, утепленные;12;180 ₽;220 ₽;
925м;Галоши женские, утепленные (мех);12;205 ₽;250 ₽;
92-1;Обувь женская, бант ;48;280 ₽;342 ₽;
92-2;Обувь женская, карман;48;250 ₽;305 ₽;
92-3;Обувь женская, принт;48;250 ₽;305 ₽;
92-4;Обувь женская, рванка;48;250 ₽;305 ₽;
92-5;Обувь женская, блеск;48;250 ₽;305 ₽;
92-6;Обувь женская, джинс;48;250 ₽;305 ₽;
93-1;Обувь мужская;48;230 ₽;281 ₽;
93-2;Обувь мужская;48;230 ₽;281 ₽;
93-3;Обувь мужская;48;230 ₽;281 ₽;
944;Галоши мужские, утепленные;12;210 ₽;256 ₽;
944м;Галоши мужские, утепленные (мех);12;250 ₽;305 ₽;
AL-001;Обувь домашняя женская, закрытый нос ;60;115 ₽;140 ₽;
AL-002;Обувь домашняя женская, закрытый нос ;60;115 ₽;140 ₽;
AL-003;Обувь домашняя мужская, закрытый нос;60;115 ₽;140 ₽;
AL-004;Обувь домашняя женская, открытый нос ;60;115 ₽;140 ₽;
AL-005;Обувь домашняя мужская, открытый нос;60;120 ₽;146 ₽;
AL-006;Обувь домашняя мужская, открытый нос;60;120 ₽;146 ₽;
AL-11;Обувь домашняя женская, закрытый нос ;60;120 ₽;146 ₽;
AL-12;Обувь домашняя женская, закрытый нос ;60;120 ₽;146 ₽;
AL-13;Обувь домашняя женская, открытый нос ;60;115 ₽;140 ₽;
AL-14;Обувь домашняя женская, закрытый нос ;60;125 ₽;153 ₽;
AL-15;Обувь домашняя женская, закрытый нос ;60;125 ₽;153 ₽;
AL-16;Обувь домашняя женская, открытый нос ;60;115 ₽;140 ₽;
AL-17;Обувь домашняя женская, открытый нос ;60;115 ₽;140 ₽;
AL-70;Обувь домашняя мужская, открытый нос;60;170 ₽;207 ₽;
AL-71;Обувь домашняя мужская, открытый нос;60;160 ₽;195 ₽;
AL-72;Обувь домашняя мужская, закрытый нос;60;170 ₽;207 ₽;
AL-73;Обувь домашняя мужская, закрытый нос;60;170 ₽;207 ₽;
AL-74;Обувь домашняя мужская, открытый нос;60;170 ₽;207 ₽;
AL-75;Обувь домашняя мужская, закрытый нос;60;170 ₽;207 ₽;
AL-76;Обувь домашняя мужская, закрытый нос;60;170 ₽;207 ₽;
С-0601;Обувь женская, Туфли купальные (Китай);36;390 ₽;476 ₽;
GX-0858;Обувь женская, Туфли купальные (Китай);36;440 ₽;537 ₽;
М-24003;Обувь мужская, Туфли купальные (Китай);36;360 ₽;439 ₽;
М-24004;Обувь мужская, Туфли купальные (Китай);36;380 ₽;464 ₽;
М-24009;Обувь мужская, Туфли купальные (Китай);36;380 ₽;464 ₽;
М-24012;Обувь мужская, Туфли купальные (Китай);36;360 ₽;439 ₽;
ML-01;Обувь мужская, туфли купальные;12;550 ₽;671 ₽;
ML-02;Обувь мужская, туфли купальные;12;550 ₽;671 ₽;
ML-03;Обувь мужская, туфли купальные;12;550 ₽;671 ₽;
ML-04;Обувь мужская, туфли купальные;12;550 ₽;671 ₽;
ML-05;Обувь мужская, туфли купальные;36;230 ₽;281 ₽;
ML-06;Обувь мужская, туфли купальные;36;230 ₽;281 ₽;
ML-07;Обувь женская, туфли купальные;36;220 ₽;268 ₽;
ML-08;Обувь женская, туфли купальные;36;220 ₽;268 ₽;
ML-09;Обувь мужская, туфли купальные;36;230 ₽;281 ₽;
ML-10;Обувь женская, туфли купальные;36;220 ₽;268 ₽;
ML-11;Обувь женская, туфли купальные;36;220 ₽;268 ₽;
ML-12;Обувь мужская, туфли купальные;12;230 ₽;281 ₽;
ML-13;Обувь мужская, туфли купальные;36;230 ₽;281 ₽;
ML-14;Обувь мужская, туфли купальные;36;230 ₽;281 ₽;
MV-1000;Обувь летняя мужская, Полиуретан;36;280 ₽;342 ₽;
MV-1001;Обувь летняя мужская, Полиуретан;36;320 ₽;390 ₽;
MV-1001-1;Обувь летняя мужская, Полиуретан;36;320 ₽;390 ₽;
MV-1002;Обувь летняя мужская, Полиуретан;36;240 ₽;293 ₽;
MV-1003;Обувь летняя мужская, Полиуретан;36;240 ₽;293 ₽;
MV-1004;Обувь летняя мужская, Полиуретан;36;240 ₽;293 ₽;
MV-1005;Обувь летняя мужская, Полиуретан;36;240 ₽;293 ₽;
MV-1006;Обувь летняя мужская, Полиуретан;36;240 ₽;293 ₽;
MV-1006-1;Обувь летняя мужская, Полиуретан;48;240 ₽;293 ₽;
MV-1007;Обувь летняя мужская, Полиуретан;36;240 ₽;293 ₽;
MV-1007-1;Обувь летняя мужская, Полиуретан;36;240 ₽;293 ₽;
MV-1008;Обувь летняя мужская, Полиуретан;36;240 ₽;293 ₽;
MV-1009;Обувь летняя мужская, Полиуретан;36;240 ₽;293 ₽;
MV-1010;Обувь летняя мужская, Полиуретан;36;240 ₽;293 ₽;
MV-1011;Обувь летняя мужская, Полиуретан;36;240 ₽;293 ₽;
MV-1011-1;Обувь летняя мужская, Полиуретан;36;240 ₽;293 ₽;
MV-550-102;Обувь летняя мужская, Полиуретан;48;240 ₽;293 ₽;
MV-550-102-1;Обувь летняя мужская, Полиуретан;48;240 ₽;293 ₽;
MV-550-80;Обувь летняя мужская, Полиуретан;48;240 ₽;293 ₽;
ZV-150-32;Обувь летняя женская, Полиуретан;48;240 ₽;293 ₽;
ZV-2005;Обувь летняя женская, Полиуретан;48;240 ₽;293 ₽;
ZV-2005-1;Обувь летняя женская, Полиуретан;48;240 ₽;293 ₽;
ZV-2007;Обувь летняя женская, Полиуретан;48;240 ₽;293 ₽;
ZV-2007-1;Обувь летняя женская, Полиуретан;48;240 ₽;293 ₽;
ZV-2053;Обувь летняя женская, Полиуретан;48;240 ₽;293 ₽;
ZV-2053-1;Обувь летняя женская, Полиуретан;48;240 ₽;293 ₽;
ZV-2053-2;Обувь летняя женская, Полиуретан;48;240 ₽;293 ₽;
ZV-2054;Обувь летняя женская, Полиуретан;48;190 ₽;232 ₽;
ZV-2054-1;Обувь летняя женская, Полиуретан;48;190 ₽;232 ₽;
ZV-2054-2;Обувь летняя женская, Полиуретан;48;190 ₽;232 ₽;
ZV-2059;Обувь летняя женская, Полиуретан;48;240 ₽;293 ₽;
ZV-2059-1;Обувь летняя женская, Полиуретан;48;240 ₽;293 ₽;
ZV-280-29;Обувь летняя женская, Полиуретан;48;240 ₽;293 ₽;
ZV-3002;Обувь летняя женская, Полиуретан;48;240 ₽;293 ₽;
ZV-3002-1;Обувь летняя женская, Полиуретан;48;240 ₽;293 ₽;
ZV-3002-2;Обувь летняя женская, Полиуретан;48;240 ₽;293 ₽;
ZV-3002-3;Обувь летняя женская, Полиуретан;48;240 ₽;293 ₽;
ZV-3012;Обувь летняя женская, Полиуретан;48;240 ₽;293 ₽;
ZV-3012-1;Обувь летняя женская, Полиуретан;48;240 ₽;293 ₽;
ZV-3012-2;Обувь летняя женская, Полиуретан;48;240 ₽;293 ₽;
ZV-4075;Обувь летняя женская, Полиуретан;48;240 ₽;293 ₽;
ZV-4075-1;Обувь летняя женская, Полиуретан;48;240 ₽;293 ₽;
ZV-4075-2;Обувь летняя женская, Полиуретан;48;240 ₽;293 ₽;
ZV-500;Обувь летняя женская, Полиуретан;36;210 ₽;256 ₽;
ZV-500-1;Обувь летняя женская, Полиуретан;36;210 ₽;256 ₽;
ZV-501;Обувь летняя женская, Полиуретан;36;210 ₽;256 ₽;
ZV-501-1;Обувь летняя женская, Полиуретан;36;210 ₽;256 ₽;
ZV-502;Обувь летняя женская, Полиуретан;36;210 ₽;256 ₽;
ZV-503;Обувь летняя женская, Полиуретан;36;210 ₽;256 ₽;
ZV-504;Обувь летняя женская, Полиуретан;36;210 ₽;256 ₽;
ZV-505;Обувь летняя женская, Полиуретан;36;240 ₽;293 ₽;
ZV-506;Обувь летняя женская, Полиуретан;36;240 ₽;293 ₽;
ZV-507;Обувь летняя женская, Полиуретан;36;240 ₽;293 ₽;
ZV-508;Обувь летняя женская, Полиуретан;36;240 ₽;293 ₽;
ZV-509;Обувь летняя женская, Полиуретан;36;240 ₽;293 ₽;
ZV-510;Обувь летняя женская, Полиуретан;36;240 ₽;293 ₽;
ZV-511;Обувь летняя женская, Полиуретан;36;220 ₽;268 ₽;
ZV-512;Обувь летняя женская, Полиуретан;36;110 ₽;134 ₽;
ZV-513;Обувь летняя женская, Полиуретан;36;110 ₽;134 ₽;
ZV-514;Обувь летняя женская, Полиуретан;36;110 ₽;134 ₽;
ZV-515;Обувь летняя женская, Полиуретан;36;110 ₽;134 ₽;
ZV-516;Обувь летняя женская, Полиуретан;36;110 ₽;134 ₽;
ZV-517;Обувь летняя женская, Полиуретан;36;110 ₽;134 ₽;
ZV-518;Обувь летняя женская, Полиуретан;36;210 ₽;256 ₽;
ZV-519;Обувь летняя женская, Полиуретан;36;210 ₽;256 ₽;
ZV-519-1;Обувь летняя женская, Полиуретан;36;210 ₽;256 ₽;
ZV-520;Обувь летняя женская, Полиуретан;36;210 ₽;256 ₽;
ZV-520-1;Обувь летняя женская, Полиуретан;36;210 ₽;256 ₽;
ZV-521;Обувь летняя женская, Полиуретан;36;110 ₽;134 ₽;
ZV-524;Обувь летняя женская, Полиуретан;48;240 ₽;293 ₽;
ZV-525;Обувь летняя женская, Полиуретан;48;240 ₽;293 ₽;
ZV-527;Обувь летняя женская, Полиуретан;48;240 ₽;293 ₽;
А-100м;Обувь мужская, Сапоги утепленные, мех;8;500 ₽;610 ₽;
А-100мм;Обувь мужская, Сапоги утепленные, мех с манжетом;8;550 ₽;671 ₽;
А-100н;Обувь мужская, Сапоги утепленные, полотно нетканое;8;450 ₽;549 ₽;
А-100нм;Обувь мужская, Сапоги утепленные, полотно нетканое с манжетом;8;500 ₽;610 ₽;
АВ-006;Обувь мужская, Аляска сукно;6;510 ₽;622 ₽;
АВ-033;Ботинки мужские, липучка, оксфорд;12;450 ₽;549 ₽;
АВ-033Н;Полусапожки мужские утепленные, полотно нетканое;12;400 ₽;488 ₽;
АВ-036;Полусапожки мужские со шнурком;12;400 ₽;488 ₽;
АВ-036Н;Полусапожки мужские утепленные, полотно нетканое;12;380 ₽;464 ₽;
АВ-040;Полусапожки женские на липучке, мех;12;350 ₽;427 ₽;
АВ-040Н;Полусапожки женские на липучке утепленные, флис;12;320 ₽;390 ₽;
АВ-041;Полусапожки женские со шнурком, мех;12;350 ₽;427 ₽;
АВ-041Н;Полусапожки женские утепленные, флис;12;320 ₽;390 ₽;
АВ-100м;Обувь мужская, Сапоги утепленные, мех;8;500 ₽;610 ₽;
АВ-100мм;Обувь мужская, Сапоги утепленные, мех с манжетом;8;550 ₽;671 ₽;
АВ-100н;Обувь мужская, Сапоги утепленные, полотно нетканое;8;500 ₽;610 ₽;
АВ-100нм;Обувь мужская, Сапоги утепленные, полотно нетканое с манжетом;8;550 ₽;671 ₽;
АВ-300;Обувь мужская, Сапоги утепленные, мех;4;720 ₽;878 ₽;
АВ-300Н;Обувь мужская, Сапоги утепленные, полотно нетканое;4;560 ₽;683 ₽;
АВ-310;Обувь женская, Сапоги утепленные, полотно нетканое;8;320 ₽;390 ₽;
Ар-044;Галоши садовые мужские утепленные ;12;220 ₽;268 ₽;
Ар-044С;Галоши садовые мужские утепленные ;12;220 ₽;268 ₽;
Ар-044Ч;Галоши садовые мужские утепленные ;12;220 ₽;268 ₽;
АТ-01;Ботинки женские, липучка, оксфорд;12;330 ₽;403 ₽;
АТ-01Н;Ботинки женские, липучка, оксфорд;12;310 ₽;378 ₽;
АТ-02;Ботинки женские, липучка, оксфорд;12;390 ₽;476 ₽;
АТ-038;Сапоги женские, замок+кулиса, оксфорд;12;380 ₽;464 ₽;
АТ-038Н;Сапоги женские, замок+кулиса, оксфорд;12;360 ₽;439 ₽;
Бел10-01;Обувь женская;36;230 ₽;281 ₽;
Бел10-02;Обувь женская;36;230 ₽;281 ₽;
Бел10-03;Обувь женская;36;230 ₽;281 ₽;
Бел10-04;Обувь женская;36;230 ₽;281 ₽;
Бел10-05;Обувь женская;36;230 ₽;281 ₽;
Бел10-06;Обувь женская;36;230 ₽;281 ₽;
Бел10-07;Обувь женская;36;230 ₽;281 ₽;
Бел10-08;Обувь женская;36;230 ₽;281 ₽;
Бел10-09;Обувь женская;36;230 ₽;281 ₽;
Бел10-10;Обувь женская;36;230 ₽;281 ₽;
Бел11-01;Обувь женская;36;230 ₽;281 ₽;
Бел11-02;Обувь женская;36;230 ₽;281 ₽;
Бел11-03;Обувь женская;36;230 ₽;281 ₽;
Бел11-04;Обувь женская;36;230 ₽;281 ₽;
Бел11-05;Обувь женская;36;230 ₽;281 ₽;
Бел11-06;Обувь женская;36;230 ₽;281 ₽;
Бел11-07;Обувь женская;36;230 ₽;281 ₽;
Бел11-08;Обувь женская;36;230 ₽;281 ₽;
Бел11-09;Обувь женская;36;230 ₽;281 ₽;
Бел11-10;Обувь женская;36;230 ₽;281 ₽;
Бел12-01;Обувь женская;36;230 ₽;281 ₽;
Бел12-02;Обувь женская;36;230 ₽;281 ₽;
Бел12-03;Обувь женская;36;230 ₽;281 ₽;
Бел12-04;Обувь женская;36;230 ₽;281 ₽;
Бел12-05;Обувь женская;36;230 ₽;281 ₽;
Бел12-06;Обувь женская;36;230 ₽;281 ₽;
Бел12-07;Обувь женская;36;230 ₽;281 ₽;
Бел12-08;Обувь женская;36;230 ₽;281 ₽;
Бел12-09;Обувь женская;36;230 ₽;281 ₽;
Бел12-10;Обувь женская;36;230 ₽;281 ₽;
Бел13-01;Обувь женская;36;230 ₽;281 ₽;
Бел13-02;Обувь женская;36;230 ₽;281 ₽;
Бел13-03;Обувь женская;36;230 ₽;281 ₽;
Бел13-04;Обувь женская;36;230 ₽;281 ₽;
Бел13-05;Обувь женская;36;230 ₽;281 ₽;
Бел13-06;Обувь женская;36;230 ₽;281 ₽;
Бел13-07;Обувь женская;36;230 ₽;281 ₽;
Бел13-08;Обувь женская;36;230 ₽;281 ₽;
Бел13-09;Обувь женская;36;230 ₽;281 ₽;
Бел13-10;Обувь женская;36;230 ₽;281 ₽;
Бел14-01;Обувь женская;36;230 ₽;281 ₽;
Бел14-02;Обувь женская;36;230 ₽;281 ₽;
Бел14-03;Обувь женская;36;230 ₽;281 ₽;
Бел14-04;Обувь женская;36;230 ₽;281 ₽;
Бел14-05;Обувь женская;36;230 ₽;281 ₽;
Бел14-06;Обувь женская;36;230 ₽;281 ₽;
Бел14-07;Обувь женская;36;230 ₽;281 ₽;
Бел14-08;Обувь женская;36;230 ₽;281 ₽;
Бел14-09;Обувь женская;36;230 ₽;281 ₽;
Бел14-10;Обувь женская;36;230 ₽;281 ₽;
Бел15-01;Обувь женская;36;230 ₽;281 ₽;
Бел15-02;Обувь женская;36;230 ₽;281 ₽;
Бел15-03;Обувь женская;36;230 ₽;281 ₽;
Бел15-04;Обувь женская;36;230 ₽;281 ₽;
Бел15-05;Обувь женская;36;230 ₽;281 ₽;
Бел15-06;Обувь женская;36;230 ₽;281 ₽;
Бел15-07;Обувь женская;36;230 ₽;281 ₽;
Бел15-08;Обувь женская;36;230 ₽;281 ₽;
Бел15-09;Обувь женская;36;230 ₽;281 ₽;
Бел15-10;Обувь женская;36;230 ₽;281 ₽;
Бел55-01;Обувь мужская;36;250 ₽;305 ₽;
Бел55-02;Обувь мужская;36;250 ₽;305 ₽;
Бел55-03;Обувь мужская;36;250 ₽;305 ₽;
Бел56-01;Обувь мужская;36;250 ₽;305 ₽;
Бел56-02;Обувь мужская;36;250 ₽;305 ₽;
Бел56-03;Обувь мужская;36;250 ₽;305 ₽;
Бел57-01;Обувь мужская;36;250 ₽;305 ₽;
Бел57-02;Обувь мужская;36;250 ₽;305 ₽;
Бел57-03;Обувь мужская;36;250 ₽;305 ₽;
Бел58-01;Обувь мужская;36;250 ₽;305 ₽;
Бел58-02;Обувь мужская;36;250 ₽;305 ₽;
Бел58-03;Обувь мужская;36;250 ₽;305 ₽;
М-92-1;Обувь женская, медицина;48;200 ₽;244 ₽;
М-92-2;Обувь женская, медицина Ромашка;48;200 ₽;244 ₽;
М-92-3;Обувь женская, медицина (Зигзаг);48;200 ₽;244 ₽;
М-92-4;Обувь женская, медицина (Закрытый нос);48;200 ₽;244 ₽;
М-93-1;Обувь мужская, медицина (Закрытый нос);48;200 ₽;244 ₽;
РБ-0101;Обувь мужская, берцы  на шнурках, с металическим подноском,                  верх- натуральная кожа, подкладка - сетка 3D, подошва-ТПУ ( МБС);10;860 ₽;1 049 ₽;
РБ-0101-к;Обувь мужская, берцы  на шнурках, с композитным  подноском,                  верх- натуральная кожа, подкладка - сетка 3D, подошва-ТПУ ( МБС);10;860 ₽;1 049 ₽;
РБ-0101м;Обувь мужская, берцы  на шнурках, с металическим подноском, с мехом                 верх- натуральная кожа,            подкладка - сетка 3D, подошва-ТПУ ( МБС);10;860 ₽;1 049 ₽;
РБ-0201;Обувь мужская, ботинки с металическим подноском, верх-натуральная кожа подкладка - сетка 3D, подошва-ТПУ ( МБС);10;680 ₽;830 ₽;
РБ-0202;Обувь мужская, ботинки с металическим подноском, верх- натуральный спилок, подкладка- сетка 3D подошва -ТПУ ( МБС);10;680 ₽;830 ₽;
РБ-0203;Обувь мужская, ботинки с металическим подноском, верх- натуральный спилок, подкладка- сетка 3D подошва -ТПУ ( МБС);10;680 ₽;830 ₽;
РБ-0204;Обувь мужская, ботинки с металическим подноском, верх- натуральный спилок, подкладка- сетка 3D подошва -ТПУ ( МБС);10;680 ₽;830 ₽;
РБ-0301;Обувь мужская, ботинки с металическим подноском, верх- натуральная  кожа, подкладка- сетка 3D подошва -ТПУ ( МБС);10;680 ₽;830 ₽;
РБ-0302;Обувь мужская, ботинки с металическим подноском,верх- натуральный спилок,подкладка- сетка 3D подошва -ТПУ ( МБС);10;680 ₽;830 ₽;
РБ-0304;Обувь мужская, ботинки с металическим подноском, верх- натуральный спилок, подкладка- сетка 3D подошва -ТПУ ( МБС);10;680 ₽;830 ₽;
РБ-0401;Обувь мужская, полуботинки на шнурках,с металлическим подноском,                 верх-натуральная кожа,      подкладка-сетка 3D  подошва  ТПУ (МБС);10;680 ₽;830 ₽;
РБ-0501;Обувь мужская, полуботинки на шнурках,с металлическим подноском,                 верх-натуральная кожа,      подкладка-сетка 3D  подошва  ТПУ (МБС);10;680 ₽;830 ₽;
РБ-0502;Обувь мужская, полуботинки на шнурках,с металлическим подноском,                 верх-натуральная кожа,      подкладка-сетка 3D  подошва  ТПУ (МБС);10;680 ₽;830 ₽;
РБ-0503;Обувь мужская, полуботинки на шнурках,с металлическим подноском,                 верх-натуральная кожа,      подкладка-сетка 3D  подошва  ТПУ (МБС);10;680 ₽;830 ₽;
РБ-0504;Обувь мужская, полуботинки на шнурках,с металлическим подноском,                 верх-натуральная кожа,      подкладка-сетка 3D  подошва  ТПУ (МБС);10;680 ₽;830 ₽;
РБ-0505;Обувь мужская, полуботинки на шнурках,с металлическим подноском,                 верх-натуральный спиок,      подкладка-сетка 3D  подошва  ТПУ (МБС);10;680 ₽;830 ₽;
РБ-0601к;Обувь мужская ,берцы  с композитным подноском, верх- эко-кожа , подкладка-сетка 3D  подошва  ТПУ (МБС);10;680 ₽;830 ₽;
РБ-0701к;Обувь мужская, полуботинки на шнурках,с композитным  подноском, верх-эко-кожа, подкладка-сетка 3D  подошва  ТПУ (МБС);10;650 ₽;793 ₽;
С-044;Галоши садовые мужские утепленные;12;200 ₽;244 ₽;
С-044м;Галоши садовые мужские утепленные;12;205 ₽;250 ₽;
Ф-001;Сапоги детские ПВХ, утепленные;8;280 ₽;342 ₽;
Ф-002;Сапоги детские ПВХ, утепленные;6;320 ₽;390 ₽;
Ф-003;Сапоги детские ПВХ, не утепленные;8;250 ₽;305 ₽;
Ф-004;Сапоги детские ПВХ, не утепленные;6;290 ₽;354 ₽;
Ф-005;Сапоги  женские ПВХ  не утепленные             ;7;440 ₽;537 ₽;
Ф-006;Сапоги детские ПВХ, утепленные с манжетом;8;300 ₽;366 ₽;
Ф-007;Сапоги детские ПВХ, не утепленные с манжетом;6;350 ₽;427 ₽;
Ф-008;Сапоги малодетские ПВХ, не утепленные с манжетом;8;270 ₽;329 ₽;
